{
  "playerUUID": "c2791d3f-5bee-425f-be34-f11ae01b46aa",
  "playerNickname": "Play_Despacito3",
  "timestamp": 1676272997,
  "vaultRuns": 0,
  "vaultWins": 0,
  "vaultDeaths": 0,
  "artifactCount": 0,
  "inVault": false,
  "powerLevel": 20,
  "vaultLevel": 20,
  "levelPercent": 0.6795,
  "attributes": {
    "minecraft:generic.max_health": 22.0,
    "minecraft:generic.knockback_resistance": 0.26000000163912773,
    "minecraft:generic.movement_speed": 0.14000000268220902,
    "minecraft:generic.attack_damage": 1.0,
    "minecraft:generic.attack_knockback": 0.0,
    "minecraft:generic.attack_speed": 4.0,
    "minecraft:generic.armor": 39.0,
    "minecraft:generic.armor_toughness": 0.0,
    "minecraft:generic.luck": 0.0,
    "botania:pixie_spawn_chance": 0.0,
    "forge:swim_speed": 1.0,
    "forge:nametag_distance": 64.0,
    "forge:entity_gravity": 0.08,
    "forge:reach_distance": 4.5,
    "forge:attack_range": 3.0,
    "forge:step_height_addition": 0.0,
    "the_vault:generic.crit_chance": 0.0,
    "the_vault:generic.crit_multiplier": 0.0,
    "the_vault:generic.tp_chance": 0.0,
    "the_vault:generic.indirect_tp_chance": 0.0,
    "the_vault:generic.tp_range": 32.0,
    "the_vault:generic.potion_resistance": 0.0,
    "the_vault:generic.size_scale": 1.0,
    "the_vault:generic.break_armor_chance": 0.0,
    "the_vault:generic.mana_max": 106.0,
    "the_vault:generic.mana_regen": 0.7950000017881393,
    "the_vault:generic.reach": 0.0,
    "the_vault:generic.crossbow_charge_time": 0.0,
    "the_vault:generic.thorns_chance": 0.0,
    "the_vault:generic.thorns_damage": 0.0
  },
  "reputation": {
    "Velara": 0,
    "Tenos": 0,
    "Wendarr": 1,
    "Idona": 0
  },
  "blockChance": 0.05,
  "resistance": 0.0,
  "cooldownReduction": 0.0,
  "fatalStrikeChance": 0.0,
  "fatalStrikeDamage": 0.0,
  "thornsChance": 0.0,
  "thornsDamage": 0.0,
  "equipment": {
    "OFFHAND": {
      "itemKey": "the_vault:shield",
      "count": 1,
      "nbt": "{Damage:270,Enchantments:[{id:\"minecraft:unbreaking\",lvl:3s}],RepairCost:3,vaultGearData:[L;2515475539568133193L,-3097536807329460139L,1514722424829581434L,-1350007658135317181L,-3845640312894353244L,-6915813264439637853L,-2373852306127935438L,2967978579041901796L,2950605847436984484L,911980600092526850L,-2531345306964521430L,7106869330744780886L,-6764855202363673944L,7106869330744787040L,-6588593592826531160L,-7309157339123939232L,-6869114626580635196L,-7184786208479598494L,6927847328646594563L,46207130776109194L,2524991149926686892L,-7908320945659868479L,-6401156405226632638L,5053768413386L,3153399348469760L,2955487255461888000L,-7878939105864670167L,-9166368301977131864L,4035225266123964419L,-8806273324841859830L,-6571343592672877175L,2398907367798342288L,-7473652505675560296L,51844L,-6869114626582315008L,7379536797272025186L,2922836158163577446L,-5316790987747019244L,-8779192703683226986L,-8756826162734267094L,5L,3029444849659154480L,1170293268753030L,7079658614226944000L,2097296823379631059L,1776717332686195290L,-6809290629066101590L,16L,-6328964675072474816L,6954780926595082776L,-7202793391306244008L,10928458385569L,-656199229817397248L,6135791885755004470L,6212405723657574198L,-8779192703683226538L,1592558024936364842L,-6745083641500133343L,2647810L,-6052657402128367616L,-6889790339139738976L,-4426836114263146112L,7136844507160809473L,177624281931L,-2251790988869632L,4078264634456198367L,4828162815845471507L,2199023260705L,-2406298789573820160L,-8725505703708685624L,92414428131811032L,4771216099721560L,4377710068092372050L,277L,2048L]}",
      "gearData": "{\"id\":\"522e8c3a-cf92-4844-ad50-356af686e105\",\"attributes\":[{\"name\":\"the_vault:is_loot\",\"value\":true,\"display\":{\"color\":0,\"elements\":[]}},{\"name\":\"the_vault:gear_roll_type_pool\",\"value\":\"ornate0\",\"display\":{\"color\":0,\"elements\":[]}},{\"name\":\"the_vault:gear_roll_type\",\"value\":\"Common+\",\"display\":{\"color\":0,\"elements\":[]}},{\"name\":\"the_vault:gear_model\",\"value\":\"the_vault:gear/shield/peppermint\",\"display\":{\"color\":0,\"elements\":[]}},{\"name\":\"the_vault:crafting_potential\",\"value\":69,\"display\":{\"color\":0,\"elements\":[]}},{\"name\":\"the_vault:prefixes\",\"value\":1,\"display\":{\"color\":0,\"elements\":[]}},{\"name\":\"the_vault:suffixes\",\"value\":2,\"display\":{\"color\":0,\"elements\":[]}}],\"level\":16,\"rarity\":\"COMMON\",\"state\":\"IDENTIFIED\",\"maxRepairs\":5,\"usedRepairs\":0,\"implicits\":[{\"name\":\"the_vault:durability\",\"value\":448,\"display\":{\"color\":14668030,\"elements\":[\"\",\"448\",\" Durability\"]},\"legendary\":false},{\"name\":\"the_vault:block\",\"value\":0.05,\"display\":{\"color\":16109454,\"elements\":[\"\",\"5%\",\" Block Chance\"]},\"legendary\":false}],\"prefixes\":[{\"name\":\"the_vault:health\",\"value\":2.0,\"display\":{\"color\":2293541,\"elements\":[\"+\",\"2\",\" Health\"]},\"legendary\":false}],\"suffixes\":[{\"name\":\"the_vault:knockback_resistance\",\"value\":0.14,\"display\":{\"color\":16756751,\"elements\":[\"+\",\"14%\",\" Knockback Resist\"]},\"legendary\":false},{\"name\":\"the_vault:effect_cloud_when_hit\",\"value\":{\"effectCloud\":{\"tooltip\":\"Healing+\",\"additionalEffects\":[{\"effect\":\"minecraft:instant_health\",\"duration\":20,\"amplifier\":2}],\"duration\":5,\"radius\":24.0,\"color\":-65536,\"affectsOwner\":true,\"triggerChance\":0.05}},\"display\":{\"color\":15007916,\"elements\":[\"+\",\"Healing+ Cloud when Hit\"]},\"legendary\":false}]}"
    },
    "FEET": {
      "itemKey": "the_vault:boots",
      "count": 1,
      "nbt": "{Damage:488,Enchantments:[{id:\"minecraft:unbreaking\",lvl:3s}],RepairCost:3,vaultGearData:[L;7038970175280124585L,-5944204486841098944L,1514722424829581435L,-1350007658135317181L,-3845640312894353244L,-6915813264439637853L,-2373852306127935438L,2967978579041901796L,2950605847436984484L,911980600092526850L,-2531345306964521430L,7106869330744780886L,-6764855202363673944L,7106869330744794720L,-1827321216463474008L,-7457947143298756463L,-8060879965880964480L,-8024039690661768170L,739094609027837954L,-4420148893603255796L,-8070450521887960415L,5377731723960422564L,182703690099272L,-6328964675072884736L,7111263814688746008L,481036337170L,7376L,-9029714432619702272L,38595513511747978L,-6701356245527298048L,-8045368664769374128L,11551788542712668L,47712296328800299L,611952898L,11551788062736384L,1164508315612915755L,1617904608786L,8313999564755435520L,7811883199322473573L,-6052657402321734551L,2306588513843831456L,14250933719410986L,5818650718562680832L,2065490489657796874L,-8894607612536257372L,2182698318038342146L,32910186887L,6670070040925086400L,2957267764660886810L,-6232396213536675072L,27058511416985088L,-6907516182622854876L,116626L,-5763885536950616064L,-3954606596274681214L,2305843010287435776L,-7216072202891046046L,1776717332686195164L,-7933473339264308054L,0L,7106869330744786181L,7026197479619130024L,-8759454931290512383L,33049773346L,-2604326498331302528L,-2786432013302195496L,6438137114769807964L,-6190012785180997039L,-8910257941563433364L,759299196556695648L,41372L,-9029714432617086976L,3044436028812861834L,540607877595790L,1501465543197065216L,1650101379712554726L,3064182822132138643L,-6268999958477633637L,34631812844088L,0L]}",