{
  "playerUUID": "e00d6f21-2889-4031-82fe-a7b53c076c6c",
  "playerNickname": "Phys09",
  "timestamp": 1676258564,
  "vaultRuns": 0,
  "vaultWins": 0,
  "vaultDeaths": 0,
  "artifactCount": 0,
  "inVault": false,
  "powerLevel": 18,
  "vaultLevel": 18,
  "levelPercent": 0.8995349,
  "attributes": {
    "minecraft:generic.max_health": 38.0,
    "minecraft:generic.knockback_resistance": 0.0,
    "minecraft:generic.movement_speed": 0.10000000149011612,
    "minecraft:generic.attack_damage": 1.0,
    "minecraft:generic.attack_knockback": 0.0,
    "minecraft:generic.attack_speed": 4.0,
    "minecraft:generic.armor": 26.0,
    "minecraft:generic.armor_toughness": 0.0,
    "minecraft:generic.luck": 0.0,
    "botania:pixie_spawn_chance": 0.0,
    "forge:swim_speed": 1.0,
    "forge:nametag_distance": 64.0,
    "forge:entity_gravity": 0.08,
    "forge:reach_distance": 4.5,
    "forge:attack_range": 3.0,
    "forge:step_height_addition": 0.0,
    "the_vault:generic.crit_chance": 0.0,
    "the_vault:generic.crit_multiplier": 0.0,
    "the_vault:generic.tp_chance": 0.0,
    "the_vault:generic.indirect_tp_chance": 0.0,
    "the_vault:generic.tp_range": 32.0,
    "the_vault:generic.potion_resistance": 0.0,
    "the_vault:generic.size_scale": 1.0,
    "the_vault:generic.break_armor_chance": 0.0,
    "the_vault:generic.mana_max": 105.0,
    "the_vault:generic.mana_regen": 0.75,
    "the_vault:generic.reach": 0.0,
    "the_vault:generic.crossbow_charge_time": 0.0,
    "the_vault:generic.thorns_chance": 0.0,
    "the_vault:generic.thorns_damage": 0.0
  },
  "reputation": {
    "Velara": 0,
    "Tenos": 0,
    "Wendarr": 0,
    "Idona": 0
  },
  "blockChance": 0.099999994,
  "resistance": 0.0,
  "cooldownReduction": 0.0,
  "fatalStrikeChance": 0.0,
  "fatalStrikeDamage": 0.0,
  "thornsChance": 0.0,
  "thornsDamage": 0.18,
  "equipment": {
    "OFFHAND": {
      "itemKey": "the_vault:shield",
      "count": 1,
      "nbt": "{Damage:0,Enchantments:[{id:\"minecraft:unbreaking\",lvl:3s}],RepairCost:3,vaultGearData:[L;3175393421339961705L,240671661211490943L,1514722424829630571L,3527585455153845571L,-4337177541746540532L,-4497458280581710308L,5820129939680678496L,219617689784832485L,-5353164713757501104L,6341429268692449725L,-3453693214453611199L,6341429269566145596L,4184411753566750017L,302007154049632545L,5914523804603855104L,-9130985210726296064L,4059167406726980929L,-7926335343413947820L,672216465495052820L,40430147306825L,1514722424829583360L,5500593995263481155L,68719476737L,1434L,5788814723563946496L,5486545784017605681L,36070722L,-8589799616124551168L,-1670034112045194006L,-4233005412219984142L,5932437000648959312L,434903983136L,5914509990562889728L,-3517265867395017216L,1061715914928L,7067040185163466752L,6918973001205226363L,-9217407999813675771L,46349504L,369656943800745984L,3463629394337400160L,4415226380820L,3218117212383551488L,-9217596142604350068L,2306141210219926549L,139509829L,-9217596139602182144L,4117354740286510101L,5903115684136894483L,-7269372748529385928L,-1811321304475186978L,5939907947929453192L,-908230941710220984L,4900254572729401360L,5782341067146448L,369657974190243840L,1468601829621564768L,-8809021819533392637L,-2660252628851618284L,93129583412092379L,-445733217807368192L,4656342023484218426L,2893167654438799812L,36028797044129792L,5000243865173622784L,8028866402857608806L,-6869114626580585355L,-7033954078481536926L,2497131747408751051L,0L,1L]}",
      "gearData": "{\"id\":\"f2c11437-e251-4a96-b035-70999ca039a7\",\"attributes\":[{\"name\":\"the_vault:gear_roll_type_pool\",\"value\":\"ornate0\",\"display\":{\"color\":0,\"elements\":[]}},{\"name\":\"the_vault:gear_roll_type\",\"value\":\"Common+\",\"display\":{\"color\":0,\"elements\":[]}},{\"name\":\"the_vault:gear_model\",\"value\":\"the_vault:gear/shield/gold_plated\",\"display\":{\"color\":0,\"elements\":[]}},{\"name\":\"the_vault:crafting_potential\",\"value\":45,\"display\":{\"color\":0,\"elements\":[]}},{\"name\":\"the_vault:prefixes\",\"value\":2,\"display\":{\"color\":0,\"elements\":[]}},{\"name\":\"the_vault:suffixes\",\"value\":1,\"display\":{\"color\":0,\"elements\":[]}}],\"level\":16,\"rarity\":\"COMMON\",\"state\":\"IDENTIFIED\",\"maxRepairs\":5,\"usedRepairs\":0,\"implicits\":[{\"name\":\"the_vault:durability\",\"value\":550,\"display\":{\"color\":14668030,\"elements\":[\"\",\"550\",\" Durability\"]},\"legendary\":false},{\"name\":\"the_vault:block\",\"value\":0.099999994,\"display\":{\"color\":16109454,\"elements\":[\"\",\"10%\",\" Block Chance\"]},\"legendary\":false}],\"prefixes\":[{\"name\":\"the_vault:health\",\"value\":3.0,\"display\":{\"color\":2293541,\"elements\":[\"+\",\"3\",\" Health\"]},\"legendary\":false},{\"name\":\"the_vault:thorns_damage\",\"value\":0.18,\"display\":{\"color\":15507136,\"elements\":[\"+\",\"18%\",\" Thorns Damage\"]},\"legendary\":false}],\"suffixes\":[{\"name\":\"the_vault:effect_cloud_when_hit\",\"value\":{\"effectCloud\":{\"tooltip\":\"Slowness+\",\"additionalEffects\":[{\"effect\":\"minecraft:slowness\",\"duration\":80,\"amplifier\":3}],\"duration\":5,\"radius\":24.0,\"color\":7400423,\"affectsOwner\":false,\"triggerChance\":0.05}},\"display\":{\"color\":15007916,\"elements\":[\"+\",\"Slowness+ Cloud when Hit\"]},\"legendary\":false}]}"
    },
    "FEET": {
      "itemKey": "the_vault:boots",
      "count": 1,
      "nbt": "{Damage:124,Enchantments:[{id:\"minecraft:unbreaking\",lvl:3s}],RepairCost:3,vaultGearData:[L;2889186415658452217L,-8279627036209262713L,1514722424829581434L,-1350007658135317181L,-3845640312894353244L,-6915813264439637853L,-4104360462945048526L,46207185719968484L,649126318967005356L,1020642181272444560L,2906753459226861191L,-961410078223588311L,4638885867669750312L,-961410078223588311L,-3417697049929776600L,-7311701656913665749L,-6313307067014436552L,-9222355768085147534L,62030205437389342L,-6869114626581987328L,-8448432897662998430L,739314092417745001L,3515806260197460672L,2305843009290808338L,49190797312L,-6617724066813968384L,-7309286496431723520L,10823L,-804359593660989440L,-7883789781075487162L,-8851114602516182462L,2566716487903840L,-7885802947525738496L,-8562884226364470718L,5218731101924887114L,-6665327448508334080L,-7467921110443698096L,742212530064792152L,-9073440326367379415L,5297504241429512361L,3240L,3029444849659293696L,6926978922748258950L,2563288324666106880L,138035328501387936L,6284232495026143232L,-2934494454862109642L,3064182822132138644L,7253128845063774341L,-6320344507153901560L,489167522020L,2963657726367891456L,2959613046691725476L,180425460075890178L,2418922515104530432L,-8024106521640991339L,2442862643057438722L,1142864520192L,-8024152296625537024L,7656342161692209154L,18718L,6669929024181108736L,3098521667796507611L,-6627044521980323672L,37350L,-6869114626581266432L,578713222294710370L,174668816674L,5112949658678722560L,8509241523152753878L,3064182822132138643L,-9187332517013715045L,45921997344L,741899044254646272L,-6319489154230321111L,-3853770181417238110L,2051517972L,-5362149822025615812L,-1886544448712223419L,-6806484194348194595L,2313208107181926090L,13916944401066L,4797019698405310464L,-6366072792545574902L,586039133282L,-1522596242346272768L,5935402210079720664L,-908230941710220984L,1032714700086099984L,342065009L,0L]}",