{
  "uuid": "e00d6f21-2889-4031-82fe-a7b53c076c6c",
  "username": "Phys09",
  "data": {
    "last_location": {
      "x": -637.5400140590398,
      "y": 65.4375,
      "z": -186.08874906932667,
      "rotationYaw": -4.897766,
      "rotationPitch": 20.53784,
      "dimension": 0
    },
    "last_death": 1612998051,
    "death_count": 1
  },
  "last_usage": {
    "command": {
      "tpa": 1612931081
    },
    "kit": {},
    "teleport": {
      "tpa": 1612931089
    },
    "other": {}
  },
  "restrictions": {},
  "custom_data": {}
}